<?xml version="1.0" encoding="UTF-8"?>
<project-private xmlns="http://www.netbeans.org/ns/project-private/1">
    <editor-bookmarks xmlns="http://www.netbeans.org/ns/editor-bookmarks/2" lastBookmarkId="0"/>
    <open-files xmlns="http://www.netbeans.org/ns/projectui-open-files/2">
        <group>
            <file>file:/C:/Users/FRANCISCO/Desktop/trabajos%20dam/programacion/programas/ficheros/Tarea11Prog/src/tarea11prog/interfaz.java</file>
            <file>file:/C:/Users/FRANCISCO/Desktop/trabajos%20dam/programacion/programas/ficheros/Tarea11Prog/src/tarea11prog/Metodos.java</file>
            <file>file:/C:/Users/FRANCISCO/Desktop/trabajos%20dam/programacion/programas/ficheros/Tarea11Prog/src/tarea11prog/VistaCliente.java</file>
            <file>file:/C:/Users/FRANCISCO/Desktop/trabajos%20dam/programacion/programas/ficheros/Tarea11Prog/src/tarea11prog/VistaEscrituraCliente.java</file>
            <file>file:/C:/Users/FRANCISCO/Desktop/trabajos%20dam/programacion/programas/ficheros/Tarea11Prog/src/tarea11prog/VistaEscritura.java</file>
        </group>
    </open-files>
</project-private>
